facility_id,Quality,Features_affecting
1,Poor,"['facility_type_garage', 'covered_parking', 'inout_allowed', 'iq_facility', 'facility_type_lot', 'on_site_staff']"
2,Poor,"['facility_type_garage', 'covered_parking', 'inout_allowed', 'facility_type_lot', 'on_site_staff']"
3,Poor,"['facility_type_garage', 'covered_parking', 'inout_allowed', 'iq_facility', 'on_site_staff']"
4,Poor,['iq_facility']
5,Poor,"['facility_type_garage', 'covered_parking', 'inout_allowed', 'iq_facility', 'facility_type_lot', 'on_site_staff']"
6,Poor,['accessible']
7,Poor,"['has_monthly_rates', 'has_event_rates']"
8,Poor,"['facility_type_garage', 'covered_parking', 'facility_type_lot']"
9,Poor,"['facility_type_garage', 'covered_parking', 'facility_type_lot', 'on_site_staff']"
10,Poor,"['iq_facility', 'on_site_staff']"
11,Poor,['iq_facility']
12,Poor,['on_site_staff']
13,Poor,"['facility_type_garage', 'covered_parking', 'facility_type_lot']"
14,Poor,['accessible']
15,Average,['iq_facility']
16,Poor,['on_site_staff']
17,Poor,['iq_facility']
18,Poor,"['facility_type_garage', 'covered_parking', 'iq_facility', 'facility_type_lot', 'on_site_staff']"
19,Poor,"['facility_type_garage', 'covered_parking', 'inout_allowed', 'iq_facility', 'on_site_staff']"
20,Poor,['accessible']
21,Best,No Need
22,Poor,"['iq_facility', 'on_site_staff']"
23,Poor,['iq_facility']
24,Poor,['accessible']
25,Poor,[]
26,Poor,"['facility_type_garage', 'covered_parking', 'inout_allowed', 'facility_type_lot', 'on_site_staff']"
27,Poor,"['facility_type_garage', 'covered_parking', 'inout_allowed', 'facility_type_lot', 'on_site_staff']"
28,Poor,"['iq_facility', 'accessible']"
29,Poor,"['facility_type_garage', 'covered_parking', 'inout_allowed', 'facility_type_lot', 'on_site_staff']"
30,Poor,['iq_facility']
31,Poor,"['iq_facility', 'on_site_staff']"
32,Poor,['on_site_staff']
33,Poor,['accessible']
34,Poor,"['facility_type_garage', 'covered_parking', 'inout_allowed', 'iq_facility', 'facility_type_lot', 'on_site_staff']"
35,Poor,['iq_facility']
36,Poor,"['iq_facility', 'accessible']"
37,Poor,['iq_facility']
38,Poor,"['facility_type_garage', 'covered_parking', 'inout_allowed', 'facility_type_lot', 'on_site_staff']"
39,Poor,"['facility_type_garage', 'covered_parking', 'iq_facility', 'facility_type_lot']"
40,Poor,"['facility_type_garage', 'covered_parking', 'inout_allowed', 'facility_type_lot', 'on_site_staff']"
41,Poor,['has_event_rates']
42,Poor,['on_site_staff']
43,Poor,"['facility_type_garage', 'covered_parking', 'inout_allowed', 'iq_facility', 'facility_type_lot']"
44,Poor,['iq_facility']
45,Best,No Need
46,Poor,"['iq_facility', 'accessible']"
47,Poor,"['facility_type_garage', 'covered_parking', 'inout_allowed', 'iq_facility', 'on_site_staff']"
48,Poor,"['iq_facility', 'accessible']"
49,Poor,"['facility_type_garage', 'covered_parking', 'iq_facility', 'facility_type_lot', 'on_site_staff']"
50,Poor,"['iq_facility', 'on_site_staff']"
51,Poor,['accessible']
52,Poor,"['facility_type_garage', 'covered_parking', 'inout_allowed', 'facility_type_lot', 'on_site_staff']"
53,Poor,['accessible']
54,Poor,"['facility_type_garage', 'covered_parking', 'facility_type_lot', 'on_site_staff']"
55,Poor,"['facility_type_garage', 'covered_parking', 'inout_allowed', 'iq_facility', 'facility_type_lot', 'on_site_staff']"
56,Poor,"['facility_type_garage', 'inout_allowed', 'iq_facility', 'facility_type_lot', 'on_site_staff']"
57,Poor,"['iq_facility', 'on_site_staff']"
58,Poor,"['facility_type_garage', 'covered_parking', 'inout_allowed', 'iq_facility', 'on_site_staff']"
59,Poor,['accessible']
60,Poor,"['covered_parking', 'has_event_rates', 'on_site_staff', 'facility_type_garage', 'facility_type_lot']"
61,Poor,"['facility_type_garage', 'covered_parking', 'inout_allowed', 'facility_type_lot', 'on_site_staff']"
62,Poor,"['facility_type_garage', 'covered_parking', 'inout_allowed', 'iq_facility', 'on_site_staff']"
63,Poor,"['facility_type_garage', 'covered_parking', 'inout_allowed', 'facility_type_lot', 'on_site_staff']"
64,Poor,"['facility_type_garage', 'covered_parking', 'inout_allowed', 'facility_type_lot', 'on_site_staff']"
65,Poor,"['facility_type_garage', 'covered_parking', 'inout_allowed', 'iq_facility', 'facility_type_lot', 'on_site_staff']"
66,Poor,"['facility_type_garage', 'covered_parking', 'inout_allowed', 'facility_type_lot']"
67,Poor,"['facility_type_garage', 'iq_facility', 'facility_type_lot', 'on_site_staff']"
68,Best,No Need
69,Poor,"['iq_facility', 'on_site_staff']"
70,Poor,"['iq_facility', 'accessible']"
71,Poor,"['parking_type', 'inout_allowed']"
72,Poor,"['facility_type_garage', 'covered_parking', 'inout_allowed', 'iq_facility', 'facility_type_lot', 'on_site_staff']"
73,Poor,"['iq_facility', 'accessible']"
74,Poor,"['iq_facility', 'accessible']"
75,Poor,"['facility_type_garage', 'covered_parking', 'iq_facility', 'facility_type_lot']"
76,Poor,"['iq_facility', 'accessible']"
77,Poor,"['facility_type_garage', 'covered_parking', 'iq_facility', 'facility_type_lot']"
78,Best,No Need
79,Poor,"['facility_type_garage', 'covered_parking', 'iq_facility', 'facility_type_lot']"
80,Poor,['covered_parking']
81,Poor,['ev_charging']
82,Best,No Need
83,Poor,"['facility_type_garage', 'covered_parking', 'inout_allowed', 'facility_type_lot', 'on_site_staff']"
84,Poor,['accessible']
85,Poor,['on_site_staff']
86,Poor,['iq_facility']
87,Average,"['facility_type_garage', 'covered_parking', 'has_event_rates', 'on_site_staff']"
88,Poor,"['covered_parking', 'iq_facility', 'on_site_staff']"
89,Best,No Need
90,Average,"['iq_facility', 'has_event_rates']"
91,Poor,"['facility_type_garage', 'covered_parking', 'inout_allowed', 'facility_type_lot', 'on_site_staff']"
92,Poor,['iq_facility']
93,Poor,"['facility_type_garage', 'covered_parking', 'inout_allowed', 'iq_facility', 'on_site_staff']"
94,Poor,"['iq_facility', 'accessible']"
95,Poor,"['iq_facility', 'accessible']"
96,Poor,"['facility_type_garage', 'covered_parking', 'inout_allowed', 'iq_facility', 'facility_type_lot', 'on_site_staff']"
97,Poor,"['facility_type_garage', 'covered_parking', 'inout_allowed', 'iq_facility', 'on_site_staff']"
98,Average,['accessible']
99,Poor,"['facility_type_garage', 'covered_parking', 'inout_allowed', 'facility_type_lot', 'on_site_staff']"
100,Poor,['accessible']
101,Poor,"['iq_facility', 'accessible']"
102,Poor,"['iq_facility', 'accessible']"
103,Poor,"['facility_type_garage', 'covered_parking', 'inout_allowed', 'iq_facility', 'on_site_staff']"
104,Average,"['facility_type_garage', 'covered_parking', 'has_event_rates', 'on_site_staff']"
105,Poor,"['facility_type_garage', 'covered_parking', 'inout_allowed', 'facility_type_lot', 'on_site_staff']"
106,Average,"['covered_parking', 'on_site_staff']"
107,Poor,"['facility_type_garage', 'covered_parking', 'facility_type_lot', 'on_site_staff']"
108,Best,No Need
109,Poor,"['iq_facility', 'on_site_staff']"
110,Poor,"['facility_type_garage', 'covered_parking', 'inout_allowed', 'on_site_staff']"
111,Poor,"['iq_facility', 'accessible']"
112,Poor,['on_site_staff']
113,Poor,"['facility_type_garage', 'covered_parking', 'inout_allowed', 'facility_type_lot', 'on_site_staff']"
114,Poor,"['iq_facility', 'accessible']"
115,Poor,"['facility_type_garage', 'covered_parking', 'facility_type_lot', 'on_site_staff']"
116,Average,"['ev_charging', 'heated']"
117,Poor,"['facility_type_garage', 'covered_parking', 'inout_allowed', 'iq_facility', 'facility_type_lot', 'on_site_staff']"
118,Poor,"['iq_facility', 'accessible']"
119,Poor,['accessible']
120,Poor,"['iq_facility', 'on_site_staff']"
121,Poor,"['facility_type_garage', 'covered_parking', 'inout_allowed', 'iq_facility', 'facility_type_lot', 'on_site_staff']"
122,Poor,['on_site_staff']
123,Average,"['iq_facility', 'on_site_staff']"
124,Poor,"['facility_type_garage', 'covered_parking', 'inout_allowed', 'iq_facility', 'on_site_staff']"
125,Average,"['iq_facility', 'has_event_rates']"
126,Poor,"['iq_facility', 'accessible']"
127,Poor,"['facility_type_garage', 'covered_parking', 'inout_allowed', 'iq_facility', 'facility_type_lot', 'on_site_staff']"
128,Average,['has_event_rates']
129,Poor,"['facility_type_garage', 'covered_parking', 'inout_allowed', 'iq_facility', 'facility_type_lot', 'on_site_staff']"
130,Poor,"['iq_facility', 'accessible']"
131,Poor,"['facility_type_garage', 'covered_parking', 'inout_allowed', 'iq_facility', 'facility_type_lot', 'on_site_staff']"
132,Poor,"['facility_type_garage', 'covered_parking', 'iq_facility', 'facility_type_lot', 'on_site_staff']"
133,Poor,"['iq_facility', 'accessible']"
134,Poor,"['facility_type_garage', 'covered_parking', 'inout_allowed', 'iq_facility', 'on_site_staff']"
135,Poor,"['facility_type_garage', 'covered_parking', 'inout_allowed', 'iq_facility', 'on_site_staff']"
136,Poor,"['facility_type_garage', 'covered_parking', 'inout_allowed', 'iq_facility', 'on_site_staff']"
137,Best,No Need
138,Poor,"['iq_facility', 'on_site_staff']"
139,Average,"['facility_type_garage', 'covered_parking', 'iq_facility']"
140,Poor,['iq_facility']
141,Poor,"['facility_type_garage', 'covered_parking', 'inout_allowed', 'facility_type_lot', 'on_site_staff']"
142,Poor,['accessible']
143,Poor,"['facility_type_garage', 'covered_parking', 'facility_type_lot', 'on_site_staff']"
144,Poor,"['iq_facility', 'accessible']"
145,Poor,"['facility_type_garage', 'covered_parking', 'inout_allowed', 'iq_facility', 'facility_type_lot']"
146,Poor,"['has_monthly_rates', 'covered_parking', 'facility_type_garage', 'facility_type_lot']"
147,Poor,"['iq_facility', 'accessible']"
148,Poor,['iq_facility']
149,Poor,"['facility_type_garage', 'covered_parking', 'inout_allowed', 'iq_facility', 'facility_type_lot', 'on_site_staff']"
150,Poor,['on_site_staff']
151,Poor,"['facility_type_garage', 'covered_parking', 'inout_allowed', 'on_site_staff']"
152,Poor,"['facility_type_garage', 'iq_facility', 'facility_type_lot', 'on_site_staff']"
153,Poor,"['facility_type_garage', 'covered_parking', 'inout_allowed', 'iq_facility', 'on_site_staff']"
154,Poor,['accessible']
155,Poor,"['iq_facility', 'accessible']"
156,Poor,"['facility_type_garage', 'covered_parking', 'on_site_staff']"
157,Poor,['accessible']
158,Poor,"['facility_type_garage', 'covered_parking', 'iq_facility', 'facility_type_lot', 'on_site_staff']"
159,Poor,"['facility_type_garage', 'covered_parking', 'on_site_staff']"
160,Poor,"['ev_charging', 'has_monthly_rates', 'has_event_rates']"
161,Poor,"['iq_facility', 'on_site_staff']"
162,Poor,"['facility_type_garage', 'covered_parking', 'inout_allowed', 'iq_facility', 'on_site_staff']"
163,Poor,['accessible']
164,Poor,"['facility_type_garage', 'covered_parking', 'inout_allowed', 'on_site_staff']"
165,Poor,['iq_facility']
166,Poor,"['facility_type_garage', 'covered_parking', 'inout_allowed', 'iq_facility', 'facility_type_lot', 'on_site_staff']"
167,Poor,['iq_facility']
168,Poor,"['accessible', 'has_monthly_rates', 'has_event_rates']"
169,Poor,['iq_facility']
170,Poor,['iq_facility']
171,Poor,"['facility_type_garage', 'covered_parking', 'iq_facility', 'on_site_staff']"
172,Poor,"['facility_type_garage', 'covered_parking', 'inout_allowed', 'facility_type_lot', 'on_site_staff']"
173,Poor,"['facility_type_garage', 'covered_parking', 'inout_allowed', 'iq_facility', 'facility_type_lot', 'on_site_staff']"
174,Poor,"['facility_type_garage', 'covered_parking', 'iq_facility', 'facility_type_lot', 'on_site_staff']"
175,Poor,"['facility_type_garage', 'covered_parking', 'facility_type_lot', 'on_site_staff']"
176,Poor,['iq_facility']
177,Poor,"['facility_type_garage', 'covered_parking', 'inout_allowed', 'facility_type_lot', 'on_site_staff']"
178,Poor,"['facility_type_garage', 'covered_parking', 'inout_allowed', 'iq_facility', 'on_site_staff']"
179,Poor,"['iq_facility', 'accessible']"
180,Poor,"['facility_type_garage', 'covered_parking', 'facility_type_lot', 'on_site_staff']"
181,Poor,"['facility_type_garage', 'covered_parking', 'inout_allowed', 'facility_type_lot', 'on_site_staff']"
182,Poor,"['facility_type_garage', 'covered_parking', 'inout_allowed', 'iq_facility', 'facility_type_lot', 'on_site_staff']"
183,Poor,"['facility_type_garage', 'covered_parking', 'iq_facility', 'facility_type_lot']"
184,Poor,"['facility_type_garage', 'covered_parking', 'inout_allowed', 'iq_facility', 'facility_type_lot', 'on_site_staff']"
185,Poor,"['has_monthly_rates', 'has_transient_rates', 'has_event_rates', 'average_star_rating']"
186,Poor,"['facility_type_garage', 'covered_parking', 'inout_allowed', 'iq_facility', 'facility_type_lot', 'on_site_staff']"
187,Poor,['iq_facility']
188,Poor,['accessible']
189,Best,No Need
190,Average,"['facility_type_garage', 'covered_parking', 'iq_facility', 'has_event_rates', 'on_site_staff']"
191,Poor,"['facility_type_garage', 'covered_parking', 'inout_allowed', 'facility_type_lot', 'on_site_staff']"
192,Poor,"['iq_facility', 'accessible']"
193,Poor,"['facility_type_garage', 'covered_parking', 'inout_allowed', 'iq_facility', 'on_site_staff']"
194,Best,No Need
195,Average,"['iq_facility', 'has_event_rates', 'on_site_staff']"
196,Poor,"['iq_facility', 'accessible']"
197,Poor,['iq_facility']
198,Poor,"['facility_type_garage', 'covered_parking', 'inout_allowed', 'iq_facility', 'on_site_staff']"
199,Poor,"['iq_facility', 'on_site_staff']"
200,Poor,"['iq_facility', 'on_site_staff']"
201,Poor,"['has_event_rates', 'on_site_staff', 'average_star_rating']"
202,Poor,"['iq_facility', 'accessible']"
203,Poor,"['facility_type_garage', 'covered_parking', 'facility_type_lot']"
204,Average,"['has_event_rates', 'on_site_staff']"
205,Poor,"['facility_type_garage', 'covered_parking', 'inout_allowed', 'iq_facility', 'facility_type_lot', 'on_site_staff']"
206,Average,"['iq_facility', 'has_event_rates']"
207,Poor,"['facility_type_garage', 'covered_parking', 'inout_allowed', 'iq_facility', 'facility_type_lot', 'on_site_staff']"
208,Poor,"['facility_type_garage', 'covered_parking', 'inout_allowed', 'iq_facility', 'on_site_staff']"
209,Average,"['facility_type_garage', 'covered_parking', 'iq_facility', 'has_event_rates', 'on_site_staff']"
210,Poor,"['facility_type_garage', 'covered_parking', 'inout_allowed', 'facility_type_lot', 'on_site_staff']"
211,Poor,"['ev_charging', 'has_monthly_rates', 'has_event_rates']"
212,Poor,"['facility_type_garage', 'covered_parking', 'inout_allowed', 'facility_type_lot', 'on_site_staff']"
213,Poor,"['iq_facility', 'accessible']"
214,Poor,"['facility_type_garage', 'covered_parking', 'inout_allowed', 'on_site_staff']"
215,Poor,"['facility_type_garage', 'covered_parking', 'iq_facility', 'facility_type_lot', 'on_site_staff']"
216,Poor,"['facility_type_garage', 'covered_parking', 'inout_allowed', 'iq_facility', 'on_site_staff']"
217,Poor,"['facility_type_garage', 'covered_parking', 'iq_facility', 'facility_type_lot', 'on_site_staff']"
218,Average,"['facility_type_garage', 'covered_parking', 'has_event_rates', 'on_site_staff']"
219,Poor,['iq_facility']
220,Poor,"['facility_type_garage', 'covered_parking', 'inout_allowed', 'facility_type_lot', 'on_site_staff']"
221,Poor,"['facility_type_garage', 'covered_parking', 'inout_allowed', 'facility_type_lot', 'on_site_staff']"
222,Poor,"['facility_type_garage', 'covered_parking', 'inout_allowed', 'on_site_staff']"
223,Poor,['iq_facility']
224,Best,No Need
225,Poor,"['facility_type_garage', 'covered_parking', 'facility_type_lot', 'on_site_staff']"
226,Poor,"['iq_facility', 'on_site_staff']"
227,Poor,['iq_facility']
228,Average,['iq_facility']
229,Poor,"['facility_type_garage', 'covered_parking', 'inout_allowed', 'iq_facility', 'facility_type_lot', 'on_site_staff']"
230,Poor,['iq_facility']
231,Poor,"['facility_type_garage', 'covered_parking', 'inout_allowed', 'facility_type_lot', 'on_site_staff']"
232,Poor,"['facility_type_garage', 'covered_parking', 'iq_facility', 'facility_type_lot', 'on_site_staff']"
233,Poor,"['facility_type_garage', 'covered_parking', 'inout_allowed', 'on_site_staff']"
234,Poor,"['facility_type_garage', 'covered_parking', 'inout_allowed', 'facility_type_lot', 'on_site_staff']"
235,Average,['ev_charging']
236,Poor,"['iq_facility', 'on_site_staff']"
237,Poor,"['facility_type_garage', 'covered_parking', 'inout_allowed', 'facility_type_lot', 'on_site_staff']"
238,Poor,"['iq_facility', 'accessible']"
239,Poor,"['ev_charging', 'has_monthly_rates', 'has_event_rates']"
240,Poor,"['iq_facility', 'on_site_staff']"
241,Poor,"['facility_type_garage', 'covered_parking', 'inout_allowed', 'iq_facility', 'facility_type_lot', 'on_site_staff']"
242,Poor,"['facility_type_garage', 'covered_parking', 'inout_allowed', 'iq_facility', 'facility_type_lot']"
243,Poor,['iq_facility']
244,Poor,"['facility_type_garage', 'covered_parking', 'inout_allowed', 'iq_facility', 'facility_type_lot']"
245,Poor,"['facility_type_garage', 'covered_parking', 'inout_allowed', 'facility_type_lot', 'on_site_staff']"
246,Poor,"['facility_type_garage', 'covered_parking', 'iq_facility', 'facility_type_lot', 'on_site_staff']"
247,Poor,"['facility_type_garage', 'covered_parking', 'iq_facility', 'facility_type_lot', 'on_site_staff']"
248,Poor,"['iq_facility', 'accessible']"
249,Poor,"['facility_type_garage', 'covered_parking', 'inout_allowed', 'on_site_staff']"
250,Poor,"['facility_type_garage', 'covered_parking', 'inout_allowed', 'on_site_staff']"
251,Poor,"['iq_facility', 'on_site_staff']"
252,Poor,"['facility_type_garage', 'covered_parking', 'inout_allowed', 'on_site_staff']"
253,Poor,"['facility_type_garage', 'covered_parking', 'inout_allowed', 'iq_facility']"
254,Poor,"['iq_facility', 'accessible']"
255,Poor,"['facility_type_garage', 'covered_parking', 'inout_allowed', 'iq_facility', 'facility_type_lot', 'on_site_staff']"
256,Poor,"['facility_type_garage', 'covered_parking', 'inout_allowed', 'iq_facility', 'facility_type_lot', 'on_site_staff']"
257,Poor,"['facility_type_garage', 'covered_parking', 'inout_allowed', 'on_site_staff']"
258,Poor,"['facility_type_garage', 'covered_parking', 'inout_allowed', 'iq_facility', 'facility_type_lot', 'on_site_staff']"
259,Best,No Need
260,Poor,"['facility_type_garage', 'covered_parking', 'iq_facility', 'facility_type_lot', 'on_site_staff']"
261,Poor,"['facility_type_garage', 'covered_parking', 'iq_facility']"
262,Poor,"['facility_type_garage', 'covered_parking', 'inout_allowed', 'iq_facility', 'on_site_staff']"
263,Poor,"['facility_type_garage', 'covered_parking', 'inout_allowed', 'iq_facility', 'facility_type_lot', 'on_site_staff']"
264,Poor,"['facility_type_garage', 'covered_parking', 'inout_allowed', 'on_site_staff']"
265,Poor,"['facility_type_garage', 'covered_parking', 'inout_allowed', 'facility_type_lot', 'on_site_staff']"
266,Poor,"['inout_allowed', 'iq_facility', 'on_site_staff']"
267,Poor,"['facility_type_garage', 'covered_parking', 'inout_allowed', 'iq_facility', 'facility_type_lot', 'on_site_staff']"
268,Poor,"['facility_type_garage', 'covered_parking', 'inout_allowed', 'on_site_staff']"
269,Poor,"['facility_type_garage', 'covered_parking', 'inout_allowed', 'on_site_staff']"
270,Poor,"['facility_type_garage', 'covered_parking', 'inout_allowed', 'facility_type_lot', 'on_site_staff']"
271,Poor,"['facility_type_garage', 'covered_parking', 'inout_allowed', 'facility_type_lot']"
272,Poor,"['facility_type_garage', 'covered_parking', 'inout_allowed', 'iq_facility', 'facility_type_lot']"
273,Poor,"['facility_type_garage', 'covered_parking', 'facility_type_lot', 'on_site_staff']"
274,Poor,"['facility_type_garage', 'covered_parking', 'facility_type_lot', 'on_site_staff']"
275,Best,No Need
276,Poor,"['facility_type_garage', 'covered_parking', 'inout_allowed', 'iq_facility', 'facility_type_lot', 'on_site_staff']"
277,Poor,"['facility_type_garage', 'covered_parking', 'inout_allowed', 'iq_facility', 'on_site_staff']"
278,Poor,"['facility_type_garage', 'covered_parking', 'iq_facility', 'facility_type_lot', 'on_site_staff']"
279,Poor,"['facility_type_garage', 'covered_parking', 'inout_allowed', 'facility_type_lot', 'on_site_staff']"
280,Poor,"['facility_type_garage', 'covered_parking', 'inout_allowed', 'iq_facility', 'facility_type_lot', 'on_site_staff']"
281,Poor,"['facility_type_garage', 'covered_parking', 'inout_allowed', 'iq_facility', 'on_site_staff']"
282,Poor,"['covered_parking', 'iq_facility', 'on_site_staff']"
283,Poor,"['facility_type_garage', 'covered_parking', 'inout_allowed', 'on_site_staff']"
284,Poor,['iq_facility']
285,Poor,"['facility_type_garage', 'covered_parking', 'inout_allowed', 'iq_facility', 'facility_type_lot', 'on_site_staff']"
286,Poor,"['facility_type_garage', 'covered_parking', 'iq_facility', 'facility_type_lot', 'on_site_staff']"
287,Poor,"['facility_type_garage', 'covered_parking', 'inout_allowed', 'iq_facility', 'on_site_staff']"
288,Poor,"['facility_type_garage', 'inout_allowed']"
289,Best,No Need
290,Average,['iq_facility']
291,Poor,"['facility_type_garage', 'covered_parking', 'inout_allowed', 'facility_type_lot', 'on_site_staff']"
292,Average,"['facility_type_garage', 'covered_parking', 'has_event_rates', 'on_site_staff']"
293,Poor,"['facility_type_garage', 'covered_parking', 'inout_allowed', 'iq_facility', 'facility_type_lot', 'on_site_staff']"
294,Poor,"['facility_type_garage', 'covered_parking', 'iq_facility', 'facility_type_lot']"
295,Poor,"['facility_type_garage', 'covered_parking', 'inout_allowed', 'on_site_staff']"
296,Poor,"['facility_type_garage', 'covered_parking', 'inout_allowed', 'iq_facility', 'facility_type_lot', 'on_site_staff']"
297,Poor,"['facility_type_garage', 'covered_parking', 'inout_allowed', 'on_site_staff']"
298,Poor,"['facility_type_garage', 'covered_parking', 'inout_allowed', 'iq_facility', 'on_site_staff']"
299,Poor,"['facility_type_garage', 'covered_parking', 'inout_allowed', 'facility_type_lot', 'on_site_staff']"
300,Poor,"['facility_type_garage', 'covered_parking', 'facility_type_lot', 'on_site_staff']"
301,Poor,"['facility_type_garage', 'covered_parking', 'inout_allowed', 'iq_facility', 'facility_type_lot', 'on_site_staff']"
302,Poor,"['facility_type_garage', 'covered_parking', 'iq_facility', 'facility_type_lot']"
303,Poor,"['facility_type_garage', 'inout_allowed', 'iq_facility', 'facility_type_lot', 'on_site_staff']"
304,Poor,"['facility_type_garage', 'covered_parking', 'inout_allowed', 'iq_facility', 'facility_type_lot']"
305,Poor,"['iq_facility', 'accessible']"
306,Poor,"['facility_type_garage', 'covered_parking', 'inout_allowed', 'iq_facility', 'on_site_staff']"
307,Poor,"['iq_facility', 'accessible']"
308,Poor,"['facility_type_garage', 'covered_parking', 'iq_facility', 'facility_type_lot', 'on_site_staff']"
309,Poor,"['facility_type_garage', 'covered_parking', 'inout_allowed', 'iq_facility', 'facility_type_lot', 'on_site_staff']"
310,Poor,"['facility_type_garage', 'covered_parking', 'inout_allowed', 'iq_facility', 'on_site_staff']"
311,Poor,"['facility_type_garage', 'covered_parking', 'on_site_staff']"
312,Poor,"['facility_type_garage', 'covered_parking', 'inout_allowed', 'iq_facility', 'on_site_staff']"
313,Poor,"['facility_type_garage', 'covered_parking', 'iq_facility', 'facility_type_lot', 'on_site_staff']"
314,Poor,['iq_facility']
315,Poor,"['facility_type_garage', 'covered_parking', 'inout_allowed', 'facility_type_lot', 'on_site_staff']"
316,Poor,"['facility_type_garage', 'covered_parking', 'iq_facility', 'facility_type_lot', 'on_site_staff']"
317,Poor,"['facility_type_garage', 'covered_parking', 'facility_type_lot', 'on_site_staff']"
318,Poor,"['facility_type_garage', 'covered_parking', 'inout_allowed', 'on_site_staff']"
319,Average,['has_event_rates']
320,Poor,['iq_facility']
321,Poor,"['covered_parking', 'has_event_rates', 'on_site_staff', 'facility_type_garage', 'facility_type_lot']"
322,Poor,"['facility_type_garage', 'covered_parking', 'inout_allowed', 'iq_facility', 'facility_type_lot', 'on_site_staff']"
323,Poor,['iq_facility']
324,Poor,"['facility_type_garage', 'covered_parking', 'inout_allowed', 'iq_facility', 'on_site_staff']"
325,Poor,"['facility_type_garage', 'covered_parking', 'inout_allowed', 'iq_facility', 'facility_type_lot']"
326,Average,['iq_facility']
327,Poor,"['facility_type_garage', 'covered_parking', 'inout_allowed', 'facility_type_lot', 'on_site_staff']"
328,Poor,"['facility_type_garage', 'covered_parking', 'inout_allowed', 'facility_type_lot', 'on_site_staff']"
329,Poor,"['facility_type_garage', 'covered_parking', 'inout_allowed', 'iq_facility', 'facility_type_lot', 'on_site_staff']"
330,Poor,"['facility_type_garage', 'covered_parking', 'on_site_staff']"
331,Poor,"['facility_type_garage', 'covered_parking', 'inout_allowed', 'on_site_staff']"
332,Poor,"['facility_type_garage', 'covered_parking', 'inout_allowed', 'facility_type_lot']"
333,Poor,"['facility_type_garage', 'covered_parking', 'inout_allowed', 'facility_type_lot', 'on_site_staff']"
334,Poor,"['facility_type_garage', 'covered_parking', 'inout_allowed', 'on_site_staff']"
335,Poor,"['facility_type_garage', 'covered_parking', 'inout_allowed', 'facility_type_lot', 'on_site_staff']"
336,Poor,"['facility_type_garage', 'covered_parking', 'inout_allowed', 'iq_facility', 'on_site_staff']"
337,Best,No Need
338,Poor,"['iq_facility', 'accessible']"
339,Poor,"['facility_type_garage', 'covered_parking', 'inout_allowed', 'iq_facility', 'on_site_staff']"
340,Poor,['accessible']
341,Poor,"['facility_type_garage', 'covered_parking', 'inout_allowed', 'facility_type_lot', 'on_site_staff']"
342,Poor,"['facility_type_garage', 'covered_parking', 'inout_allowed', 'facility_type_lot', 'on_site_staff']"
343,Poor,"['iq_facility', 'accessible']"
344,Poor,['iq_facility']
345,Poor,"['facility_type_garage', 'covered_parking', 'inout_allowed', 'iq_facility', 'on_site_staff']"
346,Poor,"['facility_type_garage', 'covered_parking', 'inout_allowed', 'iq_facility', 'facility_type_lot', 'on_site_staff']"
347,Poor,"['facility_type_garage', 'covered_parking', 'inout_allowed', 'facility_type_lot', 'on_site_staff']"
348,Poor,"['facility_type_garage', 'covered_parking', 'iq_facility', 'on_site_staff']"
349,Poor,"['facility_type_garage', 'covered_parking', 'inout_allowed', 'iq_facility', 'facility_type_lot', 'on_site_staff']"
350,Poor,"['iq_facility', 'accessible']"
351,Poor,"['facility_type_garage', 'covered_parking', 'inout_allowed', 'iq_facility', 'on_site_staff']"
352,Poor,['iq_facility']
353,Poor,['accessible']
354,Poor,"['facility_type_garage', 'covered_parking', 'iq_facility', 'facility_type_lot', 'on_site_staff']"
355,Poor,"['facility_type_garage', 'covered_parking', 'inout_allowed', 'on_site_staff']"
356,Poor,"['facility_type_garage', 'covered_parking', 'inout_allowed', 'iq_facility', 'facility_type_lot', 'on_site_staff']"
357,Poor,"['facility_type_garage', 'covered_parking', 'inout_allowed', 'facility_type_lot', 'on_site_staff']"
358,Poor,"['facility_type_garage', 'covered_parking', 'inout_allowed', 'facility_type_lot', 'on_site_staff']"
359,Poor,"['facility_type_garage', 'covered_parking', 'inout_allowed', 'facility_type_lot', 'on_site_staff']"
360,Poor,"['facility_type_garage', 'covered_parking', 'inout_allowed', 'facility_type_lot', 'on_site_staff']"
361,Poor,"['facility_type_garage', 'iq_facility', 'on_site_staff']"
362,Poor,"['facility_type_garage', 'covered_parking', 'iq_facility', 'facility_type_lot']"
363,Average,"['facility_type_garage', 'covered_parking', 'iq_facility', 'has_event_rates', 'on_site_staff']"
364,Poor,"['facility_type_garage', 'covered_parking', 'inout_allowed', 'iq_facility', 'on_site_staff']"
365,Poor,"['iq_facility', 'on_site_staff']"
366,Poor,"['facility_type_garage', 'covered_parking', 'facility_type_lot']"
367,Poor,"['facility_type_garage', 'covered_parking', 'inout_allowed', 'facility_type_lot', 'on_site_staff']"
368,Poor,"['facility_type_garage', 'inout_allowed', 'iq_facility', 'facility_type_lot', 'on_site_staff']"
369,Poor,['accessible']
370,Poor,"['facility_type_garage', 'covered_parking', 'inout_allowed', 'on_site_staff']"
371,Poor,"['covered_parking', 'inout_allowed', 'has_event_rates', 'on_site_staff', 'facility_type_garage', 'facility_type_personal_spot']"
372,Poor,"['facility_type_garage', 'covered_parking', 'facility_type_lot', 'on_site_staff']"
373,Best,No Need
374,Poor,"['facility_type_garage', 'covered_parking', 'inout_allowed', 'iq_facility', 'facility_type_lot', 'on_site_staff']"
375,Poor,"['facility_type_garage', 'covered_parking', 'inout_allowed', 'iq_facility', 'facility_type_lot', 'on_site_staff']"
376,Poor,"['facility_type_garage', 'covered_parking', 'inout_allowed', 'on_site_staff']"
377,Poor,"['facility_type_garage', 'covered_parking', 'iq_facility', 'facility_type_lot']"
378,Best,No Need
379,Poor,"['facility_type_garage', 'covered_parking', 'inout_allowed', 'on_site_staff']"
380,Poor,"['iq_facility', 'on_site_staff']"
381,Poor,"['facility_type_garage', 'covered_parking', 'inout_allowed', 'iq_facility', 'on_site_staff']"
382,Poor,"['facility_type_garage', 'covered_parking', 'iq_facility', 'facility_type_lot', 'on_site_staff']"
383,Poor,"['facility_type_garage', 'covered_parking', 'inout_allowed', 'on_site_staff']"
384,Best,No Need
385,Poor,"['facility_type_garage', 'covered_parking', 'inout_allowed', 'facility_type_lot', 'on_site_staff']"
386,Poor,"['iq_facility', 'accessible']"
387,Average,"['facility_type_garage', 'covered_parking', 'has_event_rates', 'on_site_staff']"
388,Poor,"['facility_type_garage', 'covered_parking', 'inout_allowed', 'iq_facility', 'facility_type_lot', 'on_site_staff']"
389,Poor,['iq_facility']
390,Poor,"['facility_type_garage', 'covered_parking', 'inout_allowed', 'facility_type_lot', 'on_site_staff']"
391,Poor,"['facility_type_garage', 'covered_parking', 'on_site_staff']"
392,Poor,"['facility_type_garage', 'covered_parking', 'inout_allowed', 'iq_facility', 'facility_type_lot', 'on_site_staff']"
393,Poor,"['facility_type_garage', 'covered_parking', 'inout_allowed', 'iq_facility', 'facility_type_lot', 'on_site_staff']"
394,Average,"['facility_type_garage', 'covered_parking', 'iq_facility', 'has_event_rates', 'on_site_staff']"
395,Poor,['iq_facility']
396,Poor,"['facility_type_garage', 'iq_facility']"
397,Poor,"['facility_type_garage', 'covered_parking', 'inout_allowed', 'iq_facility']"
398,Poor,['accessible']
399,Poor,['accessible']
400,Poor,"['facility_type_garage', 'covered_parking', 'inout_allowed', 'iq_facility', 'facility_type_lot', 'on_site_staff']"
401,Poor,['iq_facility']
402,Poor,"['facility_type_garage', 'covered_parking', 'inout_allowed', 'on_site_staff']"
403,Poor,"['facility_type_garage', 'covered_parking', 'inout_allowed', 'on_site_staff']"
404,Poor,"['facility_type_garage', 'covered_parking', 'iq_facility', 'facility_type_lot', 'on_site_staff']"
405,Poor,"['covered_parking', 'inout_allowed', 'has_event_rates', 'on_site_staff', 'facility_type_garage', 'facility_type_personal_spot']"
406,Poor,"['facility_type_garage', 'covered_parking', 'iq_facility', 'facility_type_lot', 'on_site_staff']"
407,Poor,"['facility_type_garage', 'covered_parking', 'inout_allowed', 'facility_type_lot', 'on_site_staff']"
408,Poor,"['facility_type_garage', 'covered_parking', 'iq_facility', 'facility_type_lot', 'on_site_staff']"
409,Poor,"['facility_type_garage', 'covered_parking', 'inout_allowed', 'iq_facility', 'on_site_staff']"
410,Poor,"['facility_type_garage', 'covered_parking', 'inout_allowed', 'facility_type_lot', 'on_site_staff']"
411,Poor,"['facility_type_garage', 'covered_parking', 'inout_allowed', 'on_site_staff']"
412,Poor,"['facility_type_garage', 'covered_parking', 'inout_allowed', 'on_site_staff']"
413,Average,"['facility_type_garage', 'covered_parking', 'has_event_rates', 'on_site_staff']"
414,Poor,"['facility_type_garage', 'covered_parking', 'inout_allowed', 'on_site_staff']"
415,Poor,"['iq_facility', 'accessible']"
416,Poor,"['facility_type_garage', 'covered_parking', 'inout_allowed', 'on_site_staff']"
417,Poor,"['covered_parking', 'iq_facility', 'on_site_staff']"
418,Poor,"['iq_facility', 'on_site_staff']"
419,Poor,"['facility_type_garage', 'covered_parking', 'iq_facility', 'facility_type_lot', 'on_site_staff']"
420,Poor,"['facility_type_garage', 'inout_allowed', 'on_site_staff']"
421,Poor,"['facility_type_garage', 'covered_parking', 'inout_allowed', 'facility_type_lot', 'on_site_staff']"
422,Average,"['facility_type_garage', 'covered_parking', 'has_event_rates', 'on_site_staff']"
423,Poor,"['facility_type_garage', 'covered_parking', 'inout_allowed', 'iq_facility', 'on_site_staff']"
424,Poor,"['facility_type_garage', 'covered_parking', 'iq_facility', 'facility_type_lot', 'on_site_staff']"
425,Poor,"['facility_type_garage', 'covered_parking', 'iq_facility', 'facility_type_lot', 'on_site_staff']"
426,Poor,"['facility_type_garage', 'covered_parking', 'inout_allowed', 'iq_facility', 'facility_type_lot', 'on_site_staff']"
427,Poor,['on_site_staff']
428,Poor,['iq_facility']
429,Poor,"['facility_type_garage', 'covered_parking', 'inout_allowed', 'on_site_staff']"
430,Poor,"['facility_type_garage', 'covered_parking', 'on_site_staff']"
431,Poor,['iq_facility']
432,Poor,"['facility_type_garage', 'covered_parking', 'iq_facility', 'facility_type_lot', 'on_site_staff']"
433,Poor,"['facility_type_garage', 'covered_parking', 'inout_allowed', 'iq_facility', 'facility_type_lot', 'on_site_staff']"
434,Average,"['facility_type_garage', 'covered_parking', 'has_event_rates']"
435,Poor,"['facility_type_garage', 'covered_parking', 'inout_allowed', 'iq_facility', 'facility_type_lot', 'on_site_staff']"
436,Poor,"['facility_type_garage', 'covered_parking', 'inout_allowed', 'iq_facility', 'on_site_staff']"
437,Average,"['facility_type_garage', 'covered_parking', 'has_event_rates', 'on_site_staff']"
438,Average,"['facility_type_garage', 'covered_parking', 'iq_facility']"
439,Poor,"['parking_type', 'accessible', 'has_monthly_rates', 'has_event_rates']"
440,Poor,['iq_facility']
441,Poor,"['facility_type_garage', 'covered_parking', 'inout_allowed', 'iq_facility', 'on_site_staff']"
442,Poor,"['facility_type_garage', 'covered_parking', 'inout_allowed', 'facility_type_lot', 'on_site_staff']"
443,Poor,"['covered_parking', 'inout_allowed', 'has_event_rates', 'on_site_staff', 'facility_type_garage', 'facility_type_lot', 'average_star_rating']"
444,Poor,"['facility_type_garage', 'covered_parking', 'inout_allowed', 'on_site_staff']"
445,Poor,"['facility_type_garage', 'covered_parking', 'iq_facility', 'facility_type_lot', 'on_site_staff']"
446,Poor,"['facility_type_garage', 'iq_facility', 'facility_type_lot', 'on_site_staff']"
447,Poor,"['iq_facility', 'accessible']"
448,Poor,"['facility_type_garage', 'covered_parking', 'inout_allowed', 'iq_facility', 'on_site_staff']"
449,Poor,"['facility_type_garage', 'covered_parking', 'inout_allowed', 'facility_type_lot', 'on_site_staff']"
450,Poor,['iq_facility']
451,Poor,"['facility_type_garage', 'covered_parking', 'iq_facility', 'facility_type_lot', 'on_site_staff']"
452,Poor,"['facility_type_garage', 'covered_parking', 'inout_allowed', 'facility_type_lot', 'on_site_staff']"
453,Poor,"['facility_type_garage', 'covered_parking', 'inout_allowed', 'facility_type_lot', 'on_site_staff']"
454,Poor,"['facility_type_garage', 'inout_allowed', 'iq_facility', 'facility_type_lot']"
455,Poor,"['iq_facility', 'on_site_staff']"
456,Poor,"['facility_type_garage', 'covered_parking', 'on_site_staff']"
457,Poor,"['facility_type_garage', 'covered_parking', 'inout_allowed', 'facility_type_lot', 'on_site_staff']"
458,Poor,"['iq_facility', 'on_site_staff']"
459,Average,"['facility_type_garage', 'covered_parking', 'has_event_rates', 'on_site_staff']"
460,Poor,"['facility_type_garage', 'covered_parking', 'inout_allowed', 'iq_facility', 'facility_type_lot', 'on_site_staff']"
461,Poor,"['facility_type_garage', 'covered_parking', 'iq_facility', 'facility_type_lot', 'on_site_staff']"
462,Average,"['facility_type_garage', 'covered_parking', 'on_site_staff']"
463,Poor,"['facility_type_garage', 'covered_parking', 'iq_facility', 'facility_type_lot']"
464,Poor,"['iq_facility', 'accessible']"
465,Poor,"['facility_type_garage', 'covered_parking', 'iq_facility', 'facility_type_lot', 'on_site_staff']"
466,Average,"['facility_type_garage', 'covered_parking', 'has_event_rates', 'on_site_staff']"
467,Average,"['iq_facility', 'has_event_rates', 'on_site_staff']"
468,Poor,"['facility_type_garage', 'covered_parking', 'inout_allowed', 'iq_facility', 'facility_type_lot', 'on_site_staff']"
469,Poor,"['facility_type_garage', 'covered_parking', 'inout_allowed', 'iq_facility', 'on_site_staff']"
470,Poor,"['facility_type_garage', 'covered_parking', 'inout_allowed', 'facility_type_lot', 'on_site_staff']"
471,Poor,"['facility_type_garage', 'covered_parking', 'inout_allowed', 'iq_facility', 'facility_type_lot', 'on_site_staff']"
472,Poor,['iq_facility']
473,Average,['has_event_rates']
474,Poor,"['facility_type_garage', 'covered_parking', 'iq_facility']"
475,Poor,['on_site_staff']
476,Poor,"['iq_facility', 'accessible']"
477,Poor,"['facility_type_garage', 'covered_parking', 'inout_allowed', 'iq_facility', 'facility_type_lot', 'on_site_staff']"
478,Poor,"['facility_type_garage', 'covered_parking', 'inout_allowed', 'iq_facility', 'facility_type_lot', 'on_site_staff']"
479,Average,"['facility_type_garage', 'covered_parking', 'iq_facility', 'has_event_rates', 'on_site_staff']"
480,Poor,"['facility_type_garage', 'covered_parking', 'iq_facility', 'facility_type_lot']"
481,Poor,"['facility_type_garage', 'covered_parking', 'inout_allowed', 'facility_type_lot', 'on_site_staff']"
482,Poor,"['iq_facility', 'on_site_staff']"
483,Poor,"['facility_type_garage', 'covered_parking', 'inout_allowed', 'iq_facility', 'on_site_staff']"
484,Average,"['facility_type_garage', 'covered_parking']"
485,Poor,"['facility_type_garage', 'covered_parking', 'inout_allowed', 'iq_facility', 'facility_type_lot', 'on_site_staff']"
486,Average,"['facility_type_garage', 'covered_parking', 'has_event_rates', 'on_site_staff']"
487,Poor,['inout_allowed']
488,Average,"['facility_type_garage', 'covered_parking', 'has_event_rates', 'on_site_staff']"
489,Poor,"['facility_type_garage', 'covered_parking', 'inout_allowed', 'iq_facility', 'facility_type_lot', 'on_site_staff']"
490,Poor,['iq_facility']
491,Poor,"['facility_type_garage', 'covered_parking', 'inout_allowed', 'iq_facility', 'facility_type_lot', 'on_site_staff']"
492,Poor,"['iq_facility', 'accessible']"
493,Poor,['iq_facility']
494,Poor,"['facility_type_garage', 'covered_parking', 'inout_allowed', 'iq_facility', 'facility_type_lot', 'on_site_staff']"
495,Poor,"['parking_type', 'covered_parking', 'average_star_rating']"
496,Poor,"['facility_type_garage', 'covered_parking', 'inout_allowed', 'facility_type_lot', 'on_site_staff']"
497,Poor,"['facility_type_garage', 'covered_parking', 'inout_allowed', 'iq_facility']"
498,Poor,['iq_facility']
499,Poor,"['facility_type_garage', 'covered_parking', 'inout_allowed', 'on_site_staff']"
500,Poor,"['facility_type_garage', 'covered_parking', 'inout_allowed', 'iq_facility', 'facility_type_lot', 'on_site_staff']"
501,Poor,"['facility_type_garage', 'covered_parking', 'inout_allowed', 'facility_type_lot', 'on_site_staff']"
502,Average,"['facility_type_garage', 'covered_parking', 'iq_facility', 'has_event_rates', 'on_site_staff']"
503,Poor,['iq_facility']
504,Poor,"['facility_type_garage', 'covered_parking', 'inout_allowed', 'iq_facility', 'on_site_staff']"
505,Poor,"['facility_type_garage', 'covered_parking', 'inout_allowed', 'iq_facility', 'facility_type_lot', 'on_site_staff']"
506,Poor,"['facility_type_garage', 'covered_parking', 'inout_allowed', 'iq_facility', 'on_site_staff']"
507,Poor,"['facility_type_garage', 'covered_parking', 'inout_allowed', 'on_site_staff']"
508,Poor,"['facility_type_garage', 'covered_parking', 'inout_allowed', 'iq_facility', 'on_site_staff']"
509,Poor,"['facility_type_garage', 'covered_parking', 'inout_allowed', 'iq_facility', 'facility_type_lot', 'on_site_staff']"
510,Poor,['iq_facility']
511,Poor,"['iq_facility', 'accessible']"
512,Poor,['iq_facility']
513,Poor,"['facility_type_garage', 'covered_parking', 'iq_facility', 'facility_type_lot']"
514,Poor,"['facility_type_garage', 'covered_parking', 'inout_allowed', 'iq_facility', 'on_site_staff']"
515,Poor,"['facility_type_garage', 'covered_parking', 'inout_allowed', 'facility_type_lot', 'on_site_staff']"
516,Poor,"['facility_type_garage', 'covered_parking', 'inout_allowed', 'facility_type_lot', 'on_site_staff']"
517,Poor,"['covered_parking', 'inout_allowed', 'has_event_rates', 'on_site_staff', 'facility_type_garage', 'facility_type_lot']"
518,Poor,"['facility_type_garage', 'covered_parking', 'iq_facility', 'facility_type_lot']"
519,Average,"['facility_type_garage', 'covered_parking', 'iq_facility', 'has_event_rates', 'on_site_staff']"
520,Poor,"['facility_type_garage', 'covered_parking', 'inout_allowed', 'on_site_staff']"
521,Average,"['facility_type_garage', 'covered_parking', 'iq_facility', 'has_event_rates', 'on_site_staff']"
522,Poor,"['facility_type_garage', 'covered_parking', 'iq_facility', 'facility_type_lot', 'on_site_staff']"
523,Poor,['iq_facility']
524,Average,"['facility_type_garage', 'covered_parking', 'iq_facility', 'has_event_rates', 'on_site_staff']"
525,Poor,"['covered_parking', 'inout_allowed', 'has_event_rates', 'on_site_staff', 'facility_type_garage', 'facility_type_lot']"
526,Poor,"['facility_type_garage', 'covered_parking', 'inout_allowed', 'facility_type_lot', 'on_site_staff']"
527,Poor,"['facility_type_garage', 'covered_parking', 'inout_allowed', 'facility_type_lot', 'on_site_staff']"
528,Poor,['iq_facility']
529,Poor,['iq_facility']
530,Average,"['facility_type_garage', 'covered_parking', 'has_event_rates', 'on_site_staff']"
531,Poor,"['iq_facility', 'accessible']"
532,Poor,"['facility_type_garage', 'covered_parking', 'iq_facility', 'on_site_staff']"
533,Poor,"['facility_type_garage', 'covered_parking', 'iq_facility', 'facility_type_lot', 'on_site_staff']"
534,Poor,"['facility_type_garage', 'covered_parking', 'inout_allowed', 'on_site_staff']"
535,Poor,"['facility_type_garage', 'covered_parking', 'inout_allowed', 'iq_facility', 'on_site_staff']"
536,Poor,"['facility_type_garage', 'covered_parking', 'inout_allowed', 'iq_facility', 'facility_type_lot', 'on_site_staff']"
537,Poor,"['facility_type_garage', 'covered_parking', 'iq_facility']"
538,Poor,"['iq_facility', 'accessible']"
539,Poor,"['facility_type_garage', 'covered_parking', 'inout_allowed', 'on_site_staff']"
540,Poor,['iq_facility']
541,Poor,"['covered_parking', 'has_event_rates', 'on_site_staff', 'facility_type_garage', 'facility_type_personal_spot', 'average_star_rating']"
542,Poor,"['facility_type_garage', 'covered_parking', 'inout_allowed', 'on_site_staff']"
543,Poor,"['facility_type_garage', 'covered_parking', 'inout_allowed', 'iq_facility', 'facility_type_lot', 'on_site_staff']"
544,Average,"['facility_type_garage', 'covered_parking', 'on_site_staff']"
545,Average,"['facility_type_garage', 'covered_parking', 'iq_facility', 'has_event_rates', 'on_site_staff']"
546,Poor,['accessible']
547,Poor,['iq_facility']
548,Poor,"['facility_type_garage', 'covered_parking', 'inout_allowed', 'on_site_staff']"
549,Poor,"['facility_type_garage', 'covered_parking', 'facility_type_lot', 'on_site_staff']"
550,Poor,"['covered_parking', 'has_event_rates', 'on_site_staff', 'facility_type_garage', 'facility_type_lot']"
551,Poor,"['facility_type_garage', 'covered_parking', 'inout_allowed', 'facility_type_lot', 'on_site_staff']"
552,Poor,['iq_facility']
553,Poor,"['facility_type_garage', 'covered_parking', 'inout_allowed', 'iq_facility', 'on_site_staff']"
554,Average,['has_event_rates']
555,Poor,"['facility_type_garage', 'covered_parking', 'iq_facility', 'on_site_staff']"
556,Poor,"['covered_parking', 'iq_facility']"
557,Poor,"['facility_type_garage', 'covered_parking', 'iq_facility', 'on_site_staff']"
558,Poor,"['facility_type_garage', 'covered_parking', 'iq_facility', 'facility_type_lot', 'on_site_staff']"
559,Best,No Need
560,Poor,['iq_facility']
561,Average,['iq_facility']
562,Average,['iq_facility']
563,Poor,"['facility_type_garage', 'covered_parking', 'iq_facility', 'facility_type_lot', 'on_site_staff']"
564,Poor,"['facility_type_garage', 'covered_parking', 'inout_allowed', 'iq_facility', 'facility_type_lot']"
565,Poor,['iq_facility']
566,Poor,"['covered_parking', 'iq_facility']"
567,Poor,"['facility_type_garage', 'covered_parking', 'inout_allowed', 'on_site_staff']"
568,Poor,"['facility_type_garage', 'covered_parking', 'iq_facility', 'facility_type_lot', 'on_site_staff']"
569,Poor,"['facility_type_garage', 'covered_parking', 'iq_facility']"
570,Poor,"['facility_type_garage', 'covered_parking', 'iq_facility', 'facility_type_lot']"
571,Poor,"['facility_type_garage', 'covered_parking', 'inout_allowed', 'iq_facility', 'facility_type_lot']"
572,Poor,['on_site_staff']
573,Poor,"['iq_facility', 'accessible']"
574,Poor,"['facility_type_garage', 'covered_parking', 'inout_allowed', 'on_site_staff']"
575,Poor,['iq_facility']
576,Poor,"['facility_type_garage', 'covered_parking', 'inout_allowed', 'on_site_staff']"
577,Poor,"['facility_type_garage', 'covered_parking', 'inout_allowed', 'on_site_staff']"
578,Poor,"['facility_type_garage', 'covered_parking', 'inout_allowed', 'iq_facility', 'facility_type_lot']"
579,Poor,"['facility_type_garage', 'covered_parking', 'inout_allowed', 'iq_facility', 'on_site_staff']"
580,Poor,"['covered_parking', 'inout_allowed', 'has_event_rates', 'on_site_staff', 'facility_type_garage', 'facility_type_personal_spot']"
581,Average,"['facility_type_garage', 'covered_parking', 'has_event_rates', 'on_site_staff']"
582,Average,"['covered_parking', 'iq_facility']"
583,Poor,"['iq_facility', 'accessible']"
584,Average,"['facility_type_garage', 'covered_parking', 'iq_facility', 'has_event_rates', 'on_site_staff']"
585,Poor,"['facility_type_garage', 'covered_parking', 'inout_allowed', 'iq_facility', 'facility_type_lot', 'on_site_staff']"
586,Poor,"['facility_type_garage', 'covered_parking', 'inout_allowed', 'iq_facility', 'facility_type_lot', 'on_site_staff']"
587,Poor,"['facility_type_garage', 'covered_parking', 'iq_facility', 'facility_type_lot', 'on_site_staff']"
588,Average,"['facility_type_garage', 'covered_parking', 'iq_facility', 'has_event_rates', 'on_site_staff']"
589,Poor,"['facility_type_garage', 'covered_parking', 'inout_allowed', 'iq_facility', 'facility_type_lot', 'on_site_staff']"
590,Poor,"['facility_type_garage', 'covered_parking', 'inout_allowed', 'iq_facility', 'facility_type_lot', 'on_site_staff']"
591,Poor,"['facility_type_garage', 'covered_parking', 'inout_allowed', 'iq_facility', 'facility_type_lot', 'on_site_staff']"
592,Poor,"['facility_type_garage', 'covered_parking', 'inout_allowed', 'on_site_staff']"
593,Poor,"['facility_type_garage', 'covered_parking', 'iq_facility', 'facility_type_lot']"
594,Poor,"['facility_type_garage', 'iq_facility', 'on_site_staff']"
595,Poor,"['facility_type_garage', 'covered_parking', 'inout_allowed', 'iq_facility', 'facility_type_lot', 'on_site_staff']"
596,Poor,"['facility_type_garage', 'covered_parking', 'inout_allowed', 'on_site_staff']"
597,Average,"['facility_type_garage', 'covered_parking', 'iq_facility', 'has_event_rates', 'on_site_staff']"
598,Poor,['iq_facility']
599,Poor,"['facility_type_garage', 'inout_allowed', 'on_site_staff']"
600,Poor,"['facility_type_garage', 'covered_parking', 'iq_facility', 'facility_type_lot', 'on_site_staff']"
601,Average,"['facility_type_garage', 'covered_parking', 'has_event_rates', 'on_site_staff']"
602,Average,"['facility_type_garage', 'covered_parking', 'iq_facility', 'has_event_rates', 'on_site_staff']"
603,Poor,['iq_facility']
604,Poor,"['facility_type_garage', 'covered_parking', 'inout_allowed', 'iq_facility', 'on_site_staff']"
605,Poor,"['facility_type_garage', 'covered_parking', 'iq_facility', 'facility_type_lot', 'on_site_staff']"
606,Poor,"['facility_type_garage', 'covered_parking', 'iq_facility', 'facility_type_lot', 'on_site_staff']"
607,Poor,"['facility_type_garage', 'covered_parking', 'inout_allowed', 'facility_type_lot', 'on_site_staff']"
608,Poor,"['facility_type_garage', 'iq_facility', 'on_site_staff']"
609,Poor,"['facility_type_garage', 'covered_parking', 'iq_facility', 'on_site_staff']"
610,Poor,['iq_facility']
611,Poor,"['facility_type_garage', 'covered_parking', 'iq_facility', 'facility_type_lot']"
612,Poor,"['facility_type_garage', 'covered_parking', 'inout_allowed', 'iq_facility', 'on_site_staff']"
613,Poor,"['facility_type_garage', 'covered_parking', 'iq_facility', 'on_site_staff']"
614,Poor,"['facility_type_garage', 'covered_parking', 'inout_allowed', 'iq_facility', 'facility_type_lot', 'on_site_staff']"
615,Poor,"['facility_type_garage', 'covered_parking', 'inout_allowed', 'facility_type_lot', 'on_site_staff']"
616,Poor,"['facility_type_garage', 'covered_parking', 'inout_allowed', 'iq_facility', 'facility_type_lot']"
617,Poor,['iq_facility']
618,Poor,"['facility_type_garage', 'covered_parking', 'inout_allowed', 'iq_facility', 'on_site_staff']"
619,Poor,"['facility_type_garage', 'covered_parking', 'iq_facility', 'facility_type_lot', 'on_site_staff']"
620,Poor,"['iq_facility', 'accessible']"
621,Average,"['iq_facility', 'has_event_rates']"
622,Poor,['iq_facility']
623,Poor,"['facility_type_garage', 'covered_parking', 'iq_facility', 'facility_type_lot', 'on_site_staff']"
624,Poor,"['iq_facility', 'on_site_staff']"
625,Poor,"['facility_type_garage', 'covered_parking', 'inout_allowed', 'iq_facility', 'facility_type_lot']"
626,Poor,['iq_facility']
627,Poor,"['facility_type_garage', 'covered_parking', 'inout_allowed', 'facility_type_lot', 'on_site_staff']"
628,Poor,"['facility_type_garage', 'covered_parking', 'iq_facility']"
629,Poor,"['facility_type_garage', 'covered_parking', 'iq_facility', 'facility_type_lot', 'on_site_staff']"
630,Poor,"['facility_type_garage', 'covered_parking', 'inout_allowed', 'iq_facility', 'facility_type_lot', 'on_site_staff']"
631,Poor,"['facility_type_garage', 'covered_parking', 'inout_allowed', 'iq_facility', 'on_site_staff']"
632,Poor,['iq_facility']
633,Poor,"['iq_facility', 'accessible']"
634,Poor,"['facility_type_garage', 'covered_parking', 'inout_allowed', 'facility_type_lot', 'on_site_staff']"
635,Poor,"['iq_facility', 'accessible']"
636,Poor,"['facility_type_garage', 'covered_parking', 'iq_facility', 'facility_type_lot']"
637,Poor,"['facility_type_garage', 'covered_parking', 'iq_facility', 'facility_type_lot', 'on_site_staff']"
638,Poor,"['facility_type_garage', 'covered_parking', 'inout_allowed', 'iq_facility', 'on_site_staff']"
639,Average,"['facility_type_garage', 'covered_parking', 'has_event_rates', 'on_site_staff']"
640,Poor,"['facility_type_garage', 'covered_parking', 'inout_allowed', 'iq_facility', 'on_site_staff']"
641,Poor,"['facility_type_garage', 'covered_parking', 'inout_allowed', 'iq_facility', 'on_site_staff']"
642,Poor,"['facility_type_garage', 'covered_parking', 'inout_allowed', 'iq_facility', 'on_site_staff']"
643,Poor,"['facility_type_garage', 'covered_parking', 'iq_facility', 'on_site_staff']"
644,Poor,"['iq_facility', 'accessible']"
645,Poor,['iq_facility']
646,Average,"['facility_type_garage', 'covered_parking', 'has_event_rates', 'on_site_staff']"
647,Poor,"['facility_type_garage', 'covered_parking', 'inout_allowed', 'iq_facility', 'facility_type_lot', 'on_site_staff']"
648,Poor,"['facility_type_garage', 'covered_parking', 'iq_facility', 'facility_type_lot', 'on_site_staff']"
649,Poor,"['facility_type_garage', 'covered_parking', 'iq_facility', 'facility_type_lot']"
650,Average,"['facility_type_garage', 'covered_parking', 'iq_facility', 'has_event_rates', 'on_site_staff']"
651,Poor,"['facility_type_garage', 'covered_parking', 'iq_facility', 'on_site_staff']"
652,Poor,"['facility_type_garage', 'covered_parking', 'iq_facility', 'facility_type_lot']"
653,Poor,"['iq_facility', 'on_site_staff']"
654,Poor,"['facility_type_garage', 'covered_parking', 'inout_allowed', 'iq_facility', 'on_site_staff']"
655,Poor,['iq_facility']
656,Poor,"['facility_type_garage', 'covered_parking', 'inout_allowed', 'iq_facility', 'on_site_staff']"
657,Poor,"['facility_type_garage', 'covered_parking', 'iq_facility', 'on_site_staff']"
658,Poor,"['facility_type_garage', 'covered_parking', 'iq_facility', 'facility_type_lot']"
659,Poor,"['facility_type_garage', 'covered_parking', 'inout_allowed', 'iq_facility', 'on_site_staff']"
660,Poor,"['facility_type_garage', 'covered_parking', 'iq_facility', 'facility_type_lot']"
661,Poor,"['facility_type_garage', 'covered_parking', 'iq_facility', 'facility_type_lot', 'on_site_staff']"
662,Poor,"['facility_type_garage', 'covered_parking', 'inout_allowed', 'on_site_staff']"
663,Poor,"['facility_type_garage', 'covered_parking', 'inout_allowed', 'iq_facility', 'on_site_staff']"
664,Poor,"['facility_type_garage', 'covered_parking', 'inout_allowed', 'iq_facility', 'on_site_staff']"
665,Average,"['facility_type_garage', 'covered_parking', 'iq_facility', 'has_event_rates', 'on_site_staff']"
666,Poor,"['facility_type_garage', 'covered_parking', 'iq_facility', 'facility_type_lot']"
667,Poor,"['facility_type_garage', 'covered_parking', 'inout_allowed', 'on_site_staff']"
668,Poor,"['facility_type_garage', 'covered_parking', 'iq_facility', 'facility_type_lot']"
669,Poor,['iq_facility']
670,Poor,"['facility_type_garage', 'covered_parking', 'iq_facility', 'on_site_staff']"
671,Poor,"['facility_type_garage', 'covered_parking', 'iq_facility', 'on_site_staff']"
672,Poor,"['facility_type_garage', 'covered_parking', 'iq_facility', 'facility_type_lot']"
673,Poor,['iq_facility']
674,Poor,"['facility_type_garage', 'covered_parking', 'iq_facility', 'facility_type_lot']"
675,Poor,"['facility_type_garage', 'inout_allowed', 'iq_facility', 'facility_type_lot', 'on_site_staff']"
676,Poor,"['facility_type_garage', 'covered_parking', 'inout_allowed', 'iq_facility', 'on_site_staff']"
677,Average,"['iq_facility', 'has_event_rates', 'on_site_staff']"
678,Poor,"['iq_facility', 'accessible']"
679,Poor,"['facility_type_garage', 'covered_parking', 'iq_facility', 'facility_type_lot']"
680,Average,"['facility_type_garage', 'covered_parking', 'iq_facility', 'has_event_rates', 'on_site_staff']"
681,Poor,['iq_facility']
682,Poor,['iq_facility']
683,Poor,"['facility_type_garage', 'covered_parking', 'iq_facility', 'facility_type_lot']"
684,Poor,['iq_facility']
685,Poor,"['facility_type_garage', 'covered_parking', 'iq_facility', 'facility_type_lot', 'on_site_staff']"
686,Average,"['facility_type_garage', 'covered_parking', 'iq_facility', 'has_event_rates', 'on_site_staff']"
687,Poor,"['iq_facility', 'accessible']"
688,Poor,"['facility_type_garage', 'covered_parking', 'iq_facility', 'facility_type_lot', 'on_site_staff']"
689,Poor,"['covered_parking', 'iq_facility']"
690,Average,"['facility_type_garage', 'covered_parking', 'iq_facility', 'has_event_rates', 'on_site_staff']"
691,Poor,"['facility_type_garage', 'covered_parking', 'inout_allowed', 'iq_facility', 'on_site_staff']"
692,Poor,"['facility_type_garage', 'covered_parking', 'inout_allowed', 'iq_facility', 'facility_type_lot']"
693,Poor,"['facility_type_garage', 'covered_parking', 'iq_facility', 'facility_type_lot', 'on_site_staff']"
694,Poor,"['facility_type_garage', 'covered_parking', 'iq_facility', 'facility_type_lot', 'on_site_staff']"
